{
  "type": "GROUP",
"name": "Global Information",
"path": "",
"pathFormatted": "group_missing-name-b06d1",
"stats": {
    "name": "Global Information",
    "numberOfRequests": {
        "total": 579000,
        "ok": 579000,
        "ko": 0
    },
    "minResponseTime": {
        "total": 12,
        "ok": 12,
        "ko": 0
    },
    "maxResponseTime": {
        "total": 3296,
        "ok": 3296,
        "ko": 0
    },
    "meanResponseTime": {
        "total": 19,
        "ok": 19,
        "ko": 0
    },
    "standardDeviation": {
        "total": 37,
        "ok": 37,
        "ko": 0
    },
    "percentiles1": {
        "total": 17,
        "ok": 17,
        "ko": 0
    },
    "percentiles2": {
        "total": 19,
        "ok": 19,
        "ko": 0
    },
    "percentiles3": {
        "total": 26,
        "ok": 26,
        "ko": 0
    },
    "percentiles4": {
        "total": 36,
        "ok": 36,
        "ko": 0
    },
    "group1": {
        "name": "t < 30 ms",
        "count": 562987,
        "percentage": 97
    },
    "group2": {
        "name": "30 ms < t < 50 ms",
        "count": 14257,
        "percentage": 2
    },
    "group3": {
        "name": "t > 50 ms",
        "count": 1756,
        "percentage": 0
    },
    "group4": {
        "name": "failed",
        "count": 0,
        "percentage": 0
    },
    "meanNumberOfRequestsPerSecond": {
        "total": 567.0910871694417,
        "ok": 567.0910871694417,
        "ko": 0
    }
},
"contents": {
"req_-12412619-12779-1aa91": {
        "type": "REQUEST",
        "name": "[12412619,12779795,13308688,13224425,18853933,12855962,13217372,13175299,13629211,16872516,13561202,15232429,13223852,12855911,13223887,82001568,14073112,15814710,13224062,12508901,81960853,18877847,82001565,13308354,13151211]",
"path": "[12412619,12779795,13308688,13224425,18853933,12855962,13217372,13175299,13629211,16872516,13561202,15232429,13223852,12855911,13223887,82001568,14073112,15814710,13224062,12508901,81960853,18877847,82001565,13308354,13151211]",
"pathFormatted": "req_-12412619-12779-1aa91",
"stats": {
    "name": "[12412619,12779795,13308688,13224425,18853933,12855962,13217372,13175299,13629211,16872516,13561202,15232429,13223852,12855911,13223887,82001568,14073112,15814710,13224062,12508901,81960853,18877847,82001565,13308354,13151211]",
    "numberOfRequests": {
        "total": 579000,
        "ok": 579000,
        "ko": 0
    },
    "minResponseTime": {
        "total": 12,
        "ok": 12,
        "ko": 0
    },
    "maxResponseTime": {
        "total": 3296,
        "ok": 3296,
        "ko": 0
    },
    "meanResponseTime": {
        "total": 19,
        "ok": 19,
        "ko": 0
    },
    "standardDeviation": {
        "total": 37,
        "ok": 37,
        "ko": 0
    },
    "percentiles1": {
        "total": 17,
        "ok": 17,
        "ko": 0
    },
    "percentiles2": {
        "total": 19,
        "ok": 19,
        "ko": 0
    },
    "percentiles3": {
        "total": 26,
        "ok": 26,
        "ko": 0
    },
    "percentiles4": {
        "total": 36,
        "ok": 36,
        "ko": 0
    },
    "group1": {
        "name": "t < 30 ms",
        "count": 562987,
        "percentage": 97
    },
    "group2": {
        "name": "30 ms < t < 50 ms",
        "count": 14257,
        "percentage": 2
    },
    "group3": {
        "name": "t > 50 ms",
        "count": 1756,
        "percentage": 0
    },
    "group4": {
        "name": "failed",
        "count": 0,
        "percentage": 0
    },
    "meanNumberOfRequestsPerSecond": {
        "total": 567.0910871694417,
        "ok": 567.0910871694417,
        "ko": 0
    }
}
    }
}

}